State,"Population estimates, July 1, 2015,  (V2015)","Population estimates, July 1, 2014,  (V2014)","Population estimates base, April 1, 2010,  (V2015)","Population estimates base, April 1, 2010,  (V2014)","Population, percent change - April 1, 2010 (estimates base) to July 1, 2015,  (V2015)","Population, percent change - April 1, 2010 (estimates base) to July 1, 2014,  (V2014)","Population, Census, April 1, 2010","Persons under 5 years, percent, July 1, 2014,  (V2014)","Persons under 5 years, percent, April 1, 2010","Persons under 18 years, percent, July 1, 2014,  (V2014)","Persons under 18 years, percent, April 1, 2010","Persons 65 years and over, percent,  July 1, 2014,  (V2014)","Persons 65 years and over, percent, April 1, 2010","Female persons, percent,  July 1, 2014,  (V2014)","Female persons, percent, April 1, 2010",Race and Hispanic Origin,"White alone, percent, July 1, 2014,  (V2014)  (a)","White alone, percent, April 1, 2010  (a)","Black or African American alone, percent, July 1, 2014,  (V2014)  (a)","Black or African American alone, percent, April 1, 2010  (a)","American Indian and Alaska Native alone, percent, July 1, 2014,  (V2014)  (a)","American Indian and Alaska Native alone, percent, April 1, 2010  (a)","Asian alone, percent, July 1, 2014,  (V2014)  (a)","Asian alone, percent, April 1, 2010  (a)","Native Hawaiian and Other Pacific Islander alone, percent, July 1, 2014,  (V2014)  (a)","Native Hawaiian and Other Pacific Islander alone, percent, April 1, 2010  (a)","Two or More Races, percent, July 1, 2014,  (V2014)","Two or More Races, percent, April 1, 2010","Hispanic or Latino, percent, July 1, 2014,  (V2014)  (b)","Hispanic or Latino, percent, April 1, 2010  (b)","White alone, not Hispanic or Latino, percent, July 1, 2014,  (V2014)","White alone, not Hispanic or Latino, percent, April 1, 2010","Veterans, 2010-2014","Foreign born persons, percent, 2010-2014","Housing units,  July 1, 2014,  (V2014)","Housing units, April 1, 2010","Owner-occupied housing unit rate, 2010-2014","Median value of owner-occupied housing units, 2010-2014","Median selected monthly owner costs -with a mortgage, 2010-2014","Median selected monthly owner costs -without a mortgage, 2010-2014",Median gross rent,"Building permits, 2014","Households, 2010-2014","Persons per household, 2010-2014","Living in same house 1 year ago, percent of persons age 1 year+, 2010-2014","Language other than English spoken at home, percent of persons age 5 years+, 2010-2014","High school graduate or higher, percent of persons age 25 years+, 2010-2014","Bachelor's degree or higher, percent of persons age 25 years+, 2010-2014","With a disability, under age 65 years, percent, 2010-2014","Persons  without health insurance, under age 65 years, percent","In civilian labor force, total, percent of population age 16 years+, 2010-2014","In civilian labor force, female, percent of population age 16 years+, 2010-2014","Total accommodation and food services sales, 2012 ($1,000) ","Total health care and social assistance receipts/revenue, 2012 ($1,000) ","Total manufacturers shipments, 2012 ($1,000) ","Total merchant wholesaler sales, 2012 ($1,000) ","Total retail sales, 2012 ($1,000) ","Total retail sales per capita, 2012 ","Mean travel time to work (minutes), workers age 16 years+, 2010-2014","Median household income (in 2014 dollars), 2010-2014","Per capita income in past 12 months (in 2014 dollars), 2010-2014","Persons in poverty, percent",Businesses,"Total employer establishments, 2014","Total employment, 2014","Total annual payroll, 2014","Total employment, percent change, 2013-2014","Total nonemployer establishments, 2013","All firms, 2012","Men-owned firms, 2012","Women-owned firms, 2012","Minority-owned firms, 2012","Nonminority-owned firms, 2012","Veteran-owned firms, 2012","Nonveteran-owned firms, 2012",Geography,"Population per square mile, 2010","Land area in square miles, 2010",FIPS Code
Vermont,626042,626562,625745,625745,Z,0.1,625741,4.9,5.1,19.4,20.7,16.9,14.6,50.7,50.7,,95.0,95.3,1.2,1.0,0.4,0.4,1.6,1.3,0.0,Z,1.8,1.7,1.8,1.5,93.5,94.3,46355,4.2,325789,322539,70.9,216200,1541,636,889,1546,257252,2.34,86.7,5.3,91.6,35.2,9.8,5.9,67.1,63.9,1564272,4457996,9315494,6450076,9933751,15868,22.3,54447,29535,12.2,Vermont,21041(1),261058(1),10179794(1),-0.5(1),59446,75827,41270,23417,2354,70491,8237,63317,Vermont,67.9,9216.66,"""50"""
Rhode Island,1056298,1055173,1052931,1052931,0.3,0.2,1052567,5.2,5.5,20.2,21.3,15.7,14.4,51.5,51.7,,85.1,81.4,7.7,5.7,0.9,0.6,3.5,2.9,0.2,0.1,2.6,3.3,14.0,12.4,74.5,76.4,68506,13.1,462625,463388,60.3,241200,1867,679,923,952,409569,2.47,86.6,21.1,85.4,31.4,9.0,8.7,65.5,61.7,2481314,8223005,11262158,22310389,12063865,11486,23.8,56423,30765,14.3,Rhode Island,28132(1),421578(1),19511135(1),3.2(1),73758,94642,54651,30484,14737,77042,9904,79837,Rhode Island,1018.1,1033.81,"""44"""
New Hampshire,1330608,1326813,1316466,1316466,1.1,0.8,1316470,4.9,5.3,20.1,21.8,15.9,13.5,50.6,50.7,,94.0,93.9,1.5,1.1,0.3,0.2,2.5,2.2,0.0,Z,1.6,1.6,3.3,2.8,91.3,92.3,109398,5.6,619856,614754,71.0,237400,1905,739,1001,3403,519580,2.46,86.5,7.9,92.0,34.4,8.3,10.8,68.6,64.1,2942278,9616460,18895624,18029179,26018201,19700,26.6,65986,33821,9.2,New Hampshire,37396(1),563323(1),26936688(1),2.1(1),101795,131638,76716,38525,6111,121297,16119,108817,New Hampshire,147.0,8952.65,"""33"""
Massachusetts,6794422,6745408,6547817,6547817,3.8,3.0,6547629,5.4,5.6,20.6,21.7,15.1,13.8,51.5,51.6,,82.6,80.4,8.3,6.6,0.5,0.3,6.3,5.3,0.1,Z,2.2,2.6,10.8,9.6,74.3,76.1,368593,15.3,2828492,2808254,62.3,329900,2095,707,1088,14486,2538485,2.53,86.8,22.2,89.5,40.0,7.7,3.8,67.5,63.3,17508975,63583090,81927799,123904370,92915380,13980,28.3,67846,36441,11.6,Massachusetts,173575(1),3087030(1),185352860(1),0.8(1),484147,607664,357158,199210,89967,499959,58339,525667,Massachusetts,839.4,7800.06,"""25"""
Maine,1329328,1330089,1328361,1328361,0.1,0.1,1328361,4.9,5.2,19.5,20.7,18.3,15.9,51.0,51.1,,95.0,95.2,1.4,1.2,0.7,0.6,1.2,1.0,0.0,Z,1.6,1.6,1.5,1.3,93.8,94.4,122910,3.5,727632,721830,71.4,173600,1348,474,772,3242(1),553086,2.34,86.1,6.7,91.3,28.4,11.6,12.3,63.8,60.3,2901347,10297043,16044543,12961262,21521714,16192,23.5,48804,27332,14.1,Maine,40369(1),492690(1),19631807(1),1.1(1),109260,139570,79243,42067,4339,131322,15689,115839,Maine,43.1,30842.92,"""23"""
Connecticut,3590886,3596677,3574118,3574096,0.5,0.6,3574097,5.3,5.7,21.6,22.9,15.5,14.2,51.2,51.3,,81.2,77.6,11.5,10.1,0.5,0.3,4.5,3.8,0.1,Z,2.2,2.6,15.0,13.4,68.8,71.2,209882,13.7,1493564,1487891,67.3,274500,2110,832,1069,5329,1356206,2.56,87.8,21.6,89.5,37.0,7.0,8.0,67.5,62.9,9542068,29573119,55160095,161962244,51632467,14381,25.1,69899,38480,10.8,Connecticut,88555(1),1485426(1),87866508(1),0.8(1),263511,326693,187845,106678,56113,259614,31056,281182,Connecticut,738.1,4842.36,"""09"""
Michigan,9922576,9909877,9884129,9884133,0.4,0.3,9883640,5.8,6.0,22.4,23.7,15.4,13.8,50.9,50.9,,79.9,78.9,14.2,14.2,0.7,0.6,2.9,2.4,0.0,Z,2.3,2.3,4.8,4.4,75.8,76.6,648273,6.2,4539871,4532233,71.5,120200,1295,463,780,15933(1),3827880,2.52,85.3,9.1,89.3,26.4,10.2,10.0,61.4,57.5,17962356,63018786,238892383,115704903,119302046,12071,24.1,49087,26143,16.2,Michigan,218282(1),3620465(1),165699939(1),2.4(1),687136,834087,446128,306986,158946,657237,71861,733517,Michigan,174.8,56538.90,"""26"""
Indiana,6619680,6596855,6484229,6484192,2.1,1.7,6483802,6.4,6.7,24.0,24.8,14.3,13.0,50.7,50.8,,86.1,84.3,9.6,9.1,0.4,0.3,2.0,1.6,0.1,Z,1.9,2.0,6.6,6.0,80.3,81.5,441925,4.8,2829532,2795541,69.5,122700,1119,375,741,17816,2492183,2.55,85.0,8.2,87.6,23.6,9.6,13.8,64.0,59.2,13076602,42493117,242763842,81173422,85857962,13133,23.3,48737,24953,15.2,Indiana,143826(1),2602895(1),107451529(1),1.8(1),390233,479059,253533,162798,61252,405090,45174,412543,Indiana,181.0,35826.11,"""18"""
Illinois,12859995,12880580,12831549,12831587,0.2,0.4,12830632,6.1,6.5,23.2,24.4,13.9,12.5,50.9,51.0,,77.5,71.5,14.7,14.5,0.6,0.3,5.3,4.6,0.1,Z,1.8,2.3,16.7,15.8,62.3,63.7,699522,13.9,5307222,5296715,66.9,175700,1676,572,903,20579,4778633,2.63,86.8,22.5,87.6,31.9,7.0,11.1,65.9,61.0,27937381,83431778,281037755,295456992,166634514,12942,28.2,57166,30019,14.4,Illinois,316120(1),5312290(1),273437956(1),2(1),928461,1135017,609648,417500,311684,795129,89110,1006885,Illinois,231.1,55518.93,"""17"""
Pennsylvania,12802503,12787209,12702887,12702884,0.8,0.7,12702379,5.6,5.7,21.1,22.0,16.7,15.4,51.1,51.3,,82.9,81.9,11.6,10.8,0.3,0.2,3.3,2.7,0.1,Z,1.8,1.9,6.6,5.7,77.9,79.5,906384,6.1,5590373,5567315,69.5,164900,1443,495,832,25059,4957736,2.49,88.0,10.5,89.0,28.1,9.3,10.0,62.8,58.3,23504192,96329248,231396178,191170147,178794945,14008,26.1,53115,28912,13.6,Pennsylvania,298297(1),5255409(1),248560941(1),1.4(1),778528,975453,579400,304803,131512,818858,97969,837792,Pennsylvania,283.9,44742.70,"""42"""
New York,19795791,19746227,19378087,19378112,2.2,1.9,19378102,6.0,6.0,21.4,22.3,14.7,13.5,51.5,51.6,,70.4,65.7,17.6,15.9,1.0,0.6,8.5,7.3,0.1,Z,2.4,3.0,18.6,17.6,56.5,58.3,868764,22.3,8191040,8108103,53.8,283700,2042,710,1117,36286,7255528,2.62,88.9,30.2,85.4,33.7,7.3,10.0,63.4,58.7,49285508,155666053,148879931,341734970,251167736,12834,31.9,58687,32829,15.9,New York,536890(1),7858425(1),492706483(1),2.2(1),1626367,2008988,1139910,725709,709021,1248304,137532,1811544,New York,411.2,47126.40,"""36"""
New Jersey,8958013,8938175,8791936,8791936,1.9,1.7,8791894,6.0,6.2,22.5,23.5,14.7,13.5,51.2,51.3,,73.0,68.6,14.8,13.7,0.6,0.3,9.4,8.3,0.1,Z,2.1,2.7,19.3,17.7,56.8,59.3,416037,21.5,3591588,3553562,65.0,319900,2428,972,1188,28155,3188498,2.72,90.1,30.3,88.4,36.4,6.5,12.6,66.2,60.7,19673558,60375232,108854971,288467844,133665728,15079,30.7,72062,36359,11.1,New Jersey,230600(1),3526716(1),202658061(1),1(1),629395,792088,464592,252944,237242,533808,57996,707975,New Jersey,1195.5,7354.22,"""34"""
Missouri,6083672,6063589,5988927,5988923,1.6,1.2,5988927,6.2,6.5,23.0,23.8,15.4,14.0,50.9,51.0,,83.5,82.8,11.8,11.6,0.5,0.5,1.9,1.6,0.1,0.1,2.1,2.1,4.0,3.5,80.1,81.0,466762,3.9,2735742,2712729,67.9,136700,1225,398,740,16003,2361232,2.48,83.9,6.1,88.0,26.7,10.2,13.7,63.5,59.6,12430310,40089316,111535362,91916351,90546581,15036,23.1,47764,26006,15.5,Missouri,153945(1),2404701(1),104217584(1),2.1(1),393292,491606,257948,162616,61035,415972,49217,415542,Missouri,87.1,68741.52,"""29"""
Minnesota,5489594,5457173,5303925,5303925,3.5,2.9,5303925,6.4,6.7,23.5,24.2,14.3,12.9,50.3,50.4,,85.7,85.3,5.9,5.2,1.3,1.1,4.7,4.0,0.1,Z,2.3,2.4,5.1,4.7,81.4,83.1,355366,7.5,2385544,2347201,72.1,185200,1526,475,835,16990,2115337,2.48,85.5,10.9,92.3,33.2,7.0,6.8,70.0,66.3,11722627,40403572,123076309,104485117,78898182,14667,23.0,60828,31642,11.5,Minnesota,147483(1),2566086(1),126186474(1),1.9(1),388900,489494,268710,157821,47302,428716,45582,419628,Minnesota,66.6,79626.74,"""27"""
Kansas,2911641,2904021,2853132,2853132,2.1,1.8,2853118,6.9,7.2,24.9,25.5,14.3,13.2,50.2,50.4,,86.8,83.8,6.3,5.9,1.2,1.0,2.8,2.4,0.1,0.1,2.8,3.0,11.4,10.5,76.8,78.2,204538,6.8,1248813,1233215,67.1,129400,1294,452,748,7459,1112335,2.52,83.4,11.1,90.0,30.7,8.5,11.8,66.6,62.1,4873411,18248370,86076260,60226324,38276461,13263,19.1,51872,27367,13.6,Kansas,74055(1),1178062(1),49712832(1),2.4(1),190838,239118,125169,77194,26127,204562,21610,203401,Kansas,34.9,81758.72,"""20"""
Iowa,3123899,3107126,3046869,3046869,2.5,2.0,3046355,6.3,6.6,23.4,23.9,15.8,14.9,50.3,50.5,,92.1,91.3,3.4,2.9,0.5,0.4,2.2,1.7,0.1,0.1,1.7,1.8,5.6,5.0,87.1,88.7,219006,4.7,1362124,1336417,71.8,126300,1181,431,689,10256,1232228,2.42,84.9,7.4,91.3,26.4,7.7,7.2,67.9,63.5,5468687,18583828,116668830,62318301,44905624,14607,18.9,52716,27621,12.2,Iowa,80466(1),1316447(1),52562772(1),0.9(1),203763,259121,135382,82345,14707,236561,25889,217779,Iowa,54.5,55857.13,"""19"""
Wisconsin,5771337,5757564,5687289,5687289,1.5,1.2,5686986,5.9,6.3,22.6,23.6,15.2,13.7,50.3,50.4,,87.8,86.2,6.6,6.3,1.1,1.0,2.6,2.3,0.0,Z,1.8,1.8,6.5,5.9,82.2,83.3,395931,4.7,2648317,2624358,67.7,165900,1431,533,772,14622,2293250,2.43,85.8,8.6,90.8,27.4,8.0,8.6,67.4,63.8,10303256,40680625,177728926,77066883,78201822,13656,21.8,52738,27907,13.2,Wisconsin,138221(1),2450254(1),106791126(1),2.1(1),335177,432980,236252,133859,40507,379934,39830,370755,Wisconsin,105.0,54157.80,"""55"""
Ohio,11613423,11594163,11536725,11536725,0.7,0.5,11536504,6.0,6.2,22.8,23.7,15.5,14.1,51.1,51.2,,83.0,82.7,12.6,12.2,0.3,0.2,2.0,1.7,0.1,Z,2.1,2.1,3.5,3.1,80.1,81.1,834358,4.1,5146933,5127508,66.9,129600,1274,442,729,19872,4570015,2.46,85.4,6.7,88.8,25.6,9.7,9.8,63.5,59.1,20652777,80915693,313629976,155426023,153553997,13301,23.1,48849,26520,15.8,Ohio,250535(1),4636844(1),203868114(1),1.1(1),745540,904814,510078,306824,122653,759569,91316,776193,Ohio,282.3,40860.69,"""39"""
Georgia,10214860,10097343,9688681,9688681,5.4,4.2,9687653,6.6,7.1,24.7,25.7,12.4,10.7,51.2,51.2,,62.1,59.7,31.5,30.5,0.5,0.3,3.8,3.2,0.1,0.1,2.0,2.1,9.3,8.8,54.3,55.9,681840,9.7,4151190,4088801,64.2,148000,1388,394,874,39423,3540690,2.72,83.8,13.4,85.0,28.3,8.7,17.9,62.6,58.1,18976611,51800643,155836792,143645290,119801495,12077,27.2,49342,25427,18.3,Georgia,220605(1),3551163(1),163852238(1),2.7(1),816360,929864,480578,376506,371588,538893,96787,800585,Georgia,168.4,57513.49,"""13"""
Florida,20271272,19893297,18804623,18804623,7.8,5.8,18801310,5.5,5.7,20.4,21.3,19.1,17.3,51.1,51.1,,77.8,75.0,16.8,16.0,0.5,0.4,2.8,2.4,0.1,0.1,2.0,2.5,24.1,22.5,55.8,57.9,1538636,19.6,9144250,8989580,66.1,156200,1480,469,998,84075,7217508,2.62,83.7,27.8,86.5,26.8,8.5,20.1,59.2,55.0,49817925,124061425,96924106,252626608,273867145,14177,26.1,47212,26499,16.5,Florida,519875(1),7441584(1),312959623(1),4.3(1),1838864,2100187,1084885,807817,926112,1121749,185756,1846686,Florida,350.6,53624.76,"""12"""
Delaware,945934,935614,897936,897936,5.3,4.2,897934,6.0,6.2,21.8,22.9,16.4,14.4,51.6,51.6,,70.8,68.9,22.2,21.4,0.7,0.5,3.8,3.2,0.1,Z,2.5,2.7,8.9,8.2,63.7,65.3,73443,8.4,417437,405885,71.6,232900,1575,446,1012,5194,339046,2.63,86.6,12.7,88.0,29.4,8.6,9.2,63.4,59.9,2148437,7003251,22597384,5628914,14456001,15763,25.2,60231,30191,12.5,Delaware,24312(1),391636(1),20918838(1),2.5(1),56861,73418,38328,23964,14440,54782,7206,60318,Delaware,460.8,1948.54,"""10"""
South Dakota,858469,853175,814191,814191,5.4,4.8,814180,7.1,7.3,24.7,24.9,15.3,14.3,49.7,50.0,,85.7,85.9,1.9,1.3,8.9,8.8,1.3,0.9,0.1,Z,2.2,2.1,3.6,2.7,83.0,84.7,66223,2.9,376319,363438,68.0,135700,1210,425,648,4722,327101,2.45,83.7,6.7,90.7,26.7,8.1,11.4,68.6,64.8,1873699,6211731,16882647,20411059,13791827,16550,16.9,50338,26311,14.2,South Dakota,26198(1),347819(1),13161115(1),2.2(1),62414,81314,42418,23722,4101,74228,8604,66219,South Dakota,10.7,75811.00,"""46"""
North Dakota,756927,739482,672591,672591,12.5,9.9,672591,6.9,6.6,22.8,22.3,14.2,14.5,48.7,49.5,,89.1,90.0,2.1,1.2,5.4,5.4,1.3,1.0,0.1,Z,2.0,1.8,3.2,2.0,86.6,88.9,52035,2.9,350560,317498,65.1,142000,1236,419,676,12178,292616,2.32,82.5,5.4,91.3,27.3,6.7,9.0,69.6,65.4,2045123,5418355,14427360,28150837,15519816,22183,17.1,55579,30894,11.5,North Dakota,24698(1),360970(1),17362523(1),5.3(1),51879,68270,37016,20316,3190,62271,6584,56904,North Dakota,9.7,69000.80,"""38"""
Nebraska,1896190,1881503,1826341,1826341,3.8,3.0,1826341,6.9,7.2,24.8,25.1,14.4,13.5,50.2,50.4,,89.4,86.1,4.9,4.5,1.4,1.0,2.2,1.8,0.1,0.1,2.0,2.2,10.2,9.2,80.5,82.1,137392,6.5,814970,796793,66.5,130100,1279,468,721,7605,731347,2.47,83.5,10.7,90.5,29.0,7.3,11.2,70.2,65.6,3094498,12869418,57499177,42618995,30470717,16422,18.2,52400,27339,12.4,Nebraska,52991(1),851128(1),34953442(1),2.5(1),127427,164089,83696,51936,14571,144122,16693,137254,Nebraska,23.8,76824.17,"""31"""
Alabama,4858979,4849377,4780127,4780127,1.6,1.4,4779736,6.1,6.4,22.8,23.7,15.3,13.8,51.5,51.5,,69.7,68.5,26.7,26.2,0.7,0.6,1.3,1.1,0.1,0.1,1.5,1.5,4.1,3.9,66.2,67.0,376525,3.5,2207912,2171853,69.2,123800,1159,349,715,13369,1842174,2.55,85.0,5.2,83.7,23.1,11.7,14.2,58.5,53.4,7576462,26039632,124809759,57746565,58564965,12145,24.3,43511,23936,19.3,Alabama,97714(1),1604016(1),64291502(1),0.1(1),311578,374153,203604,137630,92219,272651,41943,316984,Alabama,94.4,50645.33,"""01"""
West Virginia,1844128,1850326,1853011,1853033,-0.5,-0.1,1852994,5.5,5.6,20.5,20.9,17.8,16.0,50.6,50.7,,93.7,93.9,3.6,3.4,0.2,0.2,0.8,0.7,0.0,Z,1.6,1.5,1.5,1.2,92.5,93.2,155150,1.5,884605,881917,73.0,100200,971,292,630,2677,742359,2.43,88.3,2.4,84.4,18.7,14.4,10.4,54.2,49.4,4036333,12259395,24553072,14295437,22637923,12201,25.6,41576,23237,18.3,West Virginia,37354(1),575228(1),22100477(1),-0.1(1),88202,114435,63112,39065,5777,104785,12912,94960,West Virginia,77.1,24038.21,"""54"""
Virginia,8382993,8326289,8001045,8001023,4.8,4.1,8001024,6.2,6.4,22.4,23.2,13.8,12.2,50.8,50.9,,70.5,68.6,19.7,19.4,0.5,0.4,6.3,5.5,0.1,0.1,2.8,2.9,8.9,7.9,63.1,64.8,718034,11.6,3446471,3364939,66.7,243500,1742,429,1108,28682,3041710,2.61,84.7,15.2,87.9,35.8,7.6,12.5,64.8,60.9,17795901,47705003,96389872,86613641,110002385,13438,27.8,64792,33958,11.8,Virginia,195639(1),3160539(1),159145063(1),0.9(1),536067,653193,353012,236290,185043,450109,76434,548439,Virginia,202.6,39490.09,"""51"""
South Carolina,4896146,4832482,4625401,4625401,5.9,4.5,4625364,6.0,6.5,22.4,23.4,15.8,13.7,51.4,51.4,,68.3,66.2,27.8,27.9,0.5,0.4,1.5,1.3,0.1,0.1,1.7,1.7,5.4,5.1,63.9,64.1,385471,4.8,2188129,2137683,68.6,137600,1201,347,784,27537,1795715,2.56,84.5,6.9,85.0,25.3,10.2,16.0,60.3,56.5,9763818,22941292,99160840,45520900,58093824,12298,23.8,45033,24222,18.0,South Carolina,102297(1),1617249(1),62406424(1),2.1(1),308746,367726,202446,131856,83233,276269,47987,303137,South Carolina,153.9,30060.70,"""45"""
North Carolina,10042802,9943964,9535692,9535691,5.3,4.3,9535483,6.1,6.6,23.0,23.9,14.7,12.9,51.3,51.3,,71.5,68.5,22.1,21.5,1.6,1.3,2.7,2.2,0.1,0.1,2.1,2.2,9.0,8.4,64.1,65.3,709471,7.6,4452334,4327528,65.8,153600,1272,373,790,49911,3742514,2.54,84.7,11.1,85.4,27.8,9.5,15.2,62.1,58.0,18622258,55227505,202344646,105275586,120691007,12376,23.7,46693,25608,17.2,North Carolina,219897(1),3560448(1),155372284(1),4.1(1),679725,805985,435677,287058,183380,603182,86571,684743,North Carolina,196.1,48617.91,"""37"""
Maryland,6006401,5976407,5773785,5773785,4.0,3.5,5773552,6.2,6.3,22.6,23.4,13.8,12.3,51.5,51.6,,60.1,58.2,30.3,29.4,0.6,0.4,6.4,5.5,0.1,0.1,2.6,2.9,9.3,8.2,52.6,54.7,416027,14.2,2422194,2378814,67.1,287500,1999,583,1218,16331,2155983,2.67,86.7,16.9,89.0,37.3,7.1,8.9,68.3,64.6,12516782,40821901,39532989,60734191,76379707,12980,32.2,74149,36670,10.1,Maryland,136501(1),2216867(1),114337860(1),1.6(1),456511,531953,276630,209119,203394,314902,50976,462232,Maryland,594.8,9707.24,"""24"""
Oklahoma,3911338,3878051,3751616,3751616,4.3,3.4,3751351,6.8,7.0,24.6,24.8,14.5,13.5,50.5,50.5,,75.1,72.2,7.7,7.4,9.0,8.6,2.1,1.7,0.2,0.1,5.9,5.9,9.8,8.9,67.0,68.7,304035,5.6,1699438,1664378,66.5,115000,1150,368,717,14179,1450117,2.56,82.5,9.6,86.7,23.8,11.3,17.8,61.3,55.9,7121153,22795438,74295394,71892946,50256231,13174,21.2,46235,24695,16.6,Oklahoma,92430(1),1359851(1),58150206(1),2.6(1),266444,327229,174395,105168,64875,249027,36273,273491,Oklahoma,54.7,68594.92,"""40"""
Louisiana,4670724,4649676,4533479,4533479,3.0,2.6,4533372,6.6,6.9,23.9,24.7,13.6,12.3,51.1,51.0,,63.4,62.6,32.5,32.0,0.8,0.7,1.8,1.5,0.1,Z,1.5,1.6,4.8,4.2,59.3,60.3,293317,3.9,2010868,1964981,66.3,140400,1207,321,786,15255,1718876,2.60,86.0,8.6,82.8,22.1,11.1,17.0,60.7,56.4,11697949,27951792,271191050,68012838,61396364,13342,25.0,44991,24775,19.8,Louisiana,104976(1),1717797(1),76730689(1),1.8(1),348367,414291,215111,151114,126100,277676,42211,354460,Louisiana,104.9,43203.90,"""22"""
Arkansas,2978204,2966369,2915958,2915958,2.1,1.7,2915918,6.5,6.8,23.8,24.4,15.7,14.4,50.9,50.9,,79.7,77.0,15.6,15.4,1.0,0.8,1.5,1.2,0.3,0.2,1.9,2.0,7.0,6.4,73.4,74.5,229261,4.6,1341033,1316299,66.5,108700,1027,328,675,7666,1132488,2.53,83.8,7.1,84.3,20.6,12.2,13.9,59.0,54.0,4307264,15792628,62712925,31256110,36815256,12483,21.4,41264,22595,18.9,Arkansas,64670(1),992201(1),38335116(1),1.4(1),191530,231959,123158,75962,35982,189029,25915,192988,Arkansas,56.0,52035.48,"""05"""
Tennessee,6600299,6549352,6346275,6346275,4.0,3.2,6346105,6.1,6.4,22.8,23.6,15.1,13.4,51.3,51.3,,78.9,77.6,17.1,16.7,0.4,0.3,1.7,1.4,0.1,0.1,1.7,1.7,5.0,4.6,74.6,75.6,471819,4.7,2869323,2812133,67.1,139900,1197,359,757,27632,2487349,2.53,84.6,6.8,84.9,24.4,11.2,14.1,61.1,56.4,12499013,42383683,139960482,111718421,91641605,14194,24.4,44621,24811,18.3,Tennessee,131504(1),2453470(1),103559163(1),2.5(1),470330,550453,302249,195694,105234,434025,59379,469392,Tennessee,153.9,41234.90,"""47"""
Mississippi,2992333,2994079,2968103,2968103,0.8,0.9,2967297,6.5,7.1,24.4,25.5,14.3,12.8,51.4,51.4,,59.7,59.1,37.5,37.0,0.6,0.5,1.0,0.9,0.1,Z,1.2,1.1,3.0,2.7,57.3,58.0,192952,2.2,1294721,1274719,68.9,100800,1090,342,714,6871,1092627,2.64,86.0,3.9,81.9,20.4,11.9,16.8,57.9,54.0,6999175,16630587,66441608,28302952,37053190,12413,24.0,39464,20956,21.5,Mississippi,58541(1),912014(1),32776761(1),1(1),201939,235454,125079,89159,74824,155094,26789,198566,Mississippi,63.2,46923.27,"""28"""
Kentucky,4425092,4413457,4339349,4339349,2.0,1.7,4339367,6.3,6.5,22.9,23.6,14.8,13.3,50.8,50.8,,88.3,87.8,8.2,7.8,0.3,0.2,1.4,1.1,0.1,0.1,1.8,1.7,3.4,3.1,85.4,86.3,303167,3.4,1950382,1927164,67.7,121600,1124,336,667,9536,1702235,2.50,84.7,5.0,83.5,21.8,12.9,9.8,59.4,55.1,7500115,26264745,129284438,71745899,54869978,12526,22.8,43342,23741,19.1,Kentucky,91418(1),1535417(1),60162070(1),1.9(1),274987,331546,184154,106011,27258,296155,33208,282704,Kentucky,109.9,39486.34,"""21"""
Montana,1032949,1023579,989417,989417,4.4,3.5,989415,6.0,6.3,22.0,22.6,16.7,14.8,49.8,49.8,,89.4,89.4,0.6,0.4,6.6,6.3,0.8,0.6,0.1,0.1,2.6,2.5,3.5,2.9,86.7,87.8,91956,2.0,491531,482825,67.7,187600,1290,385,696,3884,407797,2.40,83.5,4.2,92.4,29.1,9.0,16.9,63.9,59.9,2420455,6469475,11535236,12645824,15623573,15544,18.3,46766,25977,15.4,Montana,36791(1),363650(1),13367122(1),3.8(1),84251,112419,55913,35449,5578,102746,11486,93393,Montana,6.8,145545.80,"""30"""
Idaho,1654930,1634464,1567652,1567652,5.6,4.3,1567582,7.0,7.8,26.4,27.4,14.3,12.4,49.9,49.9,,93.5,89.1,0.8,0.6,1.7,1.4,1.4,1.2,0.2,0.1,2.3,2.5,12.0,11.2,82.8,84.0,121172,6.0,685099,667796,69.2,160500,1212,338,738,8797,585259,2.68,82.7,10.6,89.1,25.4,8.8,15.7,62.9,57.1,2680225,7895614,20201432,17906012,20444278,12812,20.2,47334,23087,14.8,Idaho,43816(1),530490(1),20015180(1),4(1),115043,146642,70438,45121,10592,130973,12804,124314,Idaho,19.0,82643.12,"""16"""
Colorado,5456574,5355866,5029324,5029324,8.5,6.5,5029196,6.3,6.8,23.3,24.4,12.7,10.9,49.8,49.9,,87.7,81.3,4.5,4.0,1.6,1.1,3.1,2.8,0.2,0.1,2.9,3.4,21.2,20.7,69.0,70.0,395007,9.8,2276184,2212898,64.8,239400,1608,417,969,28686,1998314,2.54,80.6,16.9,90.4,37.5,7.2,11.6,67.9,62.9,13617654,29488161,50447098,77034971,67815200,13073,24.6,59448,31674,12.0,Colorado,158064(1),2181455(1),112194052(1),4.3(1),447586,547352,284554,194508,85849,442365,51722,469524,Colorado,48.5,103641.89,"""08"""
Arizona,6828065,6731484,6392307,6392310,6.8,5.3,6392017,6.4,7.1,24.1,25.5,15.9,13.8,50.3,50.3,,83.7,73.0,4.7,4.1,5.3,4.6,3.3,2.8,0.3,0.2,2.7,3.4,30.5,29.6,56.2,57.8,514290,13.5,2909218,2844526,63.4,162900,1390,381,905,26997,2387246,2.69,80.9,26.8,85.9,27.1,8.0,16.0,59.7,54.9,13996635,37055881,51243473,69437272,84716542,12927,24.7,49928,25537,18.2,Arizona,134434(1),2241077(1),96796238(1),3.1(1),420233,499926,245243,182425,135313,344981,46780,427582,Arizona,56.3,113594.08,"""04"""
Texas,27469114,26956958,25146105,25146104,9.2,7.2,25145561,7.3,7.7,26.4,27.3,11.5,10.3,50.4,50.4,,80.0,70.4,12.5,11.8,1.0,0.7,4.5,3.8,0.1,0.1,1.8,2.7,38.6,37.6,43.5,45.3,1564501,16.5,10426080,9977436,62.7,131400,1443,459,870,166982,9013582,2.83,83.0,34.9,81.6,27.1,8.2,21.3,64.4,57.9,54480811,145035130,702603073,691242607,356116376,13666,25.2,52576,26513,17.2,Texas,557721(1),9920214(1),501456595(1),2.7(1),2039732,2356748,1251696,866678,1070392,1224845,213590,2057218,Texas,96.3,261231.71,"""48"""
California,39144818,38802500,37254503,37254503,5.1,4.2,37253956,6.5,6.8,23.6,25.0,12.9,11.4,50.3,50.3,,73.2,57.6,6.5,6.2,1.7,1.0,14.4,13.0,0.5,0.4,3.7,4.9,38.6,37.6,38.5,40.1,1840366,27.0,13900766,13680081,54.8,371400,2214,493,1243,83645,12617280,2.95,84.6,43.8,81.5,31.0,6.7,14.0,63.4,57.4,90830372,248953592,512303164,666652186,481800461,12665,27.6,61489,29906,16.4,California,889646(1),13838702(1),797045734(1),3.3(1),2983996,3548449,1852580,1320085,1619857,1819107,252377,3176341,California,239.1,155779.22,"""06"""
Alaska,738432,736732,710249,710249,4.0,3.7,710231,7.4,7.6,25.3,26.4,9.4,7.7,47.4,48.0,,66.9,66.7,3.9,3.3,14.8,14.8,6.1,5.4,1.3,1.0,7.1,7.3,6.8,5.5,61.9,64.1,70370,7.1,308583,306967,63.3,246300,1843,555,1131,1518(1),251678,2.79,80.9,16.2,91.8,27.7,8.0,18.8,67.8,65.1,2221335,6375483,D,5216303,10474275,14320,18.9,71829,33129,11.2,Alaska,20752(1),266886(1),15275131(1),0.1(1),52991,68032,35402,22141,13688,51147,7953,56091,Alaska,1.2,570640.95,"""02"""
Wyoming,586107,584153,563767,563767,4.0,3.6,563626,6.5,7.1,23.7,24.0,14.0,12.4,49.0,49.0,,92.7,90.7,1.6,0.8,2.7,2.4,1.0,0.8,0.1,0.1,2.0,2.2,9.8,8.9,84.1,85.9,49465,3.4,268222,261868,69.3,189300,1357,382,778,1901,225514,2.49,81.6,6.9,92.3,25.1,8.5,13.7,67.9,62.7,1644844,3291478,10783794,5597891,9446043,16388,18.3,58252,29381,11.2,Wyoming,20807(1),219857(1),10375577(1),3.4(1),46297,62427,30039,19344,4077,55397,6470,51353,Wyoming,5.8,97093.14,"""56"""
Utah,2995919,2942902,2763888,2763885,8.4,6.5,2763885,8.6,9.5,30.7,31.5,10.0,9.0,49.7,49.8,,91.4,86.1,1.3,1.1,1.5,1.2,2.4,2.0,1.0,0.9,2.4,2.7,13.5,13.0,79.3,80.4,140942,8.4,1022537,979709,69.7,212500,1454,386,875,17510,896194,3.14,82.8,14.6,91.0,30.6,6.4,13.8,67.8,59.7,4789281,14521857,50046429,30927885,38024486,13317,21.6,59846,24312,11.7,Utah,73375(1),1148251(1),47913387(1),4.2(1),201838,251419,132163,76269,24423,218826,18754,219807,Utah,33.6,82169.62,"""49"""
New Mexico,2085109,2085572,2059192,2059192,1.3,1.3,2059179,6.6,7.0,24.1,25.2,15.3,13.2,50.5,50.6,,82.8,68.4,2.5,2.1,10.4,9.4,1.7,1.4,0.2,0.1,2.5,3.7,47.7,46.3,38.9,40.5,170321,9.9,912890,901388,68.2,159300,1242,324,774,4799(1),764684,2.66,85.5,36.2,84.0,26.1,9.9,16.8,59.6,55.3,4349672,11236630,29102352,10720363,25179274,12073,21.7,44968,23948,21.3,New Mexico,43748(1),602632(1),23629149(1),-0.6(1),119195,151363,71132,59044,60622,83857,14096,128693,New Mexico,17.0,121298.15,"""35"""
Nevada,2890845,2839099,2700691,2700692,7.0,5.1,2700551,6.2,6.9,23.4,24.6,14.2,12.0,49.7,49.5,,76.2,66.2,9.1,8.1,1.6,1.2,8.3,7.2,0.7,0.6,4.0,4.7,27.8,26.5,51.5,54.1,224232,19.1,1198907,1173814,55.7,167100,1514,420,980,13016,1005958,2.71,77.8,29.7,84.9,22.5,8.5,17.4,64.7,59.9,27481505,13928514,14719141,19841701,38234170,13858,23.8,52205,26515,15.2,Nevada,61625(1),1090071(1),43673405(1),4(1),192044,227156,114057,82508,71864,144944,23049,191293,Nevada,24.6,109781.18,"""32"""
Washington,7170351,7061530,6724543,6724543,6.6,5.0,6724540,6.3,6.5,22.7,23.5,14.1,12.3,50.0,50.2,,80.7,77.3,4.1,3.6,1.9,1.5,8.2,7.2,0.7,0.6,4.5,4.7,12.2,11.2,70.4,72.5,575746,13.3,2963141,2885677,62.7,257200,1764,509,995,33898,2645396,2.55,82.6,18.8,90.2,32.3,8.8,10.6,63.8,58.9,14297278,43966889,131530601,83313366,118924049,17243,25.9,60294,31233,13.2,Washington,179012(1),2528874(1),141277549(1),3.5(1),413446,541522,262650,187677,92807,426697,49331,461401,Washington,101.2,66455.52,"""53"""
Oregon,4028977,3970239,3831073,3831073,5.2,3.6,3831074,5.8,6.2,21.6,22.6,16.0,13.9,50.5,50.5,,87.9,83.6,2.0,1.8,1.8,1.4,4.3,3.7,0.4,0.3,3.6,3.8,12.5,11.7,77.0,78.5,313261,9.8,1700549,1675562,61.5,234100,1591,464,894,16645(1),1522988,2.50,81.8,14.9,89.5,30.1,10.1,11.5,62.4,57.9,8466788,24956816,51349948,48325261,49481054,12690,22.7,50521,27173,16.6,Oregon,109875(1),1444041(1),65714985(1),3.4(1),260438,339305,165691,123015,41456,285028,30918,288790,Oregon,39.9,95988.01,"""41"""
Hawaii,1431603,1419561,1360301,1360301,5.2,4.4,1360301,6.4,6.4,21.7,22.3,16.1,14.3,49.4,49.9,,26.7,24.7,2.5,1.6,0.4,0.3,37.5,38.6,10.0,10.0,23.0,23.6,10.1,8.9,23.0,22.7,112217,17.9,530106,519508,57.1,504500,2291,509,1417,3066,450299,3.00,85.0,25.3,90.7,30.5,6.7,6.1,61.9,59.2,9536706,8136947,D,9607982,18901745,13576,26.4,68201,29552,11.4,Hawaii,31801(1),519130(1),20847140(1),3.3(1),98490,118454,60409,44453,74208,38510,11148,101334,Hawaii,211.8,6422.63,"""15"""
UNITED STATES,321418820,318857056,308758105,308758105,4.1,3.3,308745538,6.2,6.5,23.1,24.0,14.5,13.0,50.8,50.8,,77.4,72.4,13.2,12.6,1.2,0.9,5.4,4.8,0.2,0.2,2.5,2.9,17.4,16.3,62.1,63.7,20700711,13.1,133957180,131704730,64.4,175700,1522,457,920,1046363,116211092,2.63,85.0,20.9,86.3,29.3,8.5,12.0,63.5,58.7,708138598,2040441203,5696729632,5208023478,4219821871,13443,25.7,53482,28555,14.8,UNITED STATES,7563085,121079879,5940442637,2.4,23005620,27626360,14844597,9878397,7952386,18987918,2521682,24070685,UNITED STATES,87.4,3531905.43,"""00"""